service_id,car_wash_id,name,description,price,duration,vehicle_type,created_at
1,14,Πλύσιμο με μηχανή,Υπηρεσία πλήρους πλυσίματος με μηχανή για το αυτοκίνητο.,18,52,Αυτοκίνητο,2025-02-09
2,12,Αναγέννηση φαναριών,Αναγέννηση των φαναριών του αυτοκινήτου για καλύτερη ορατότητα.,40,81,Αυτοκίνητο,2024-06-26
3,27,Καθαρισμός κινητήρα,Καθαρισμός και απολίπανση του κινητήρα του αυτοκινήτου.,45,83,Αυτοκίνητο,2024-08-26
4,28,Πλύσιμο με το χέρι,Καθαρισμός του αυτοκινήτου με το χέρι για καλύτερη ποιότητα.,28,32,Αυτοκίνητο,2025-01-06
5,33,Εσωτερικός καθαρισμός,Εσωτερικός καθαρισμός του αυτοκινήτου για απομάκρυνση σκόνης και βρωμιάς.,25,67,Αυτοκίνητο,2024-03-14
6,43,Πλύσιμο με μηχανή,Υπηρεσία πλήρους πλυσίματος με μηχανή για το αυτοκίνητο.,39,63,Αυτοκίνητο,2024-09-02
7,20,Πλύσιμο και γυάλισμα μοτοσυκλέτας,Πλύσιμο και γυάλισμα της μοτοσυκλέτας για καλύτερη εμφάνιση.,12,20,Moto,2024-12-28
8,7,Πλύσιμο και γυάλισμα μοτοσυκλέτας,Πλύσιμο και γυάλισμα της μοτοσυκλέτας για καλύτερη εμφάνιση.,33,55,Moto,2025-01-04
9,13,Αναγέννηση φαναριών μοτοσυκλέτας,Αναγέννηση των φαναριών της μοτοσυκλέτας για καλύτερη ορατότητα.,25,21,Moto,2024-11-03
10,22,Πλύσιμο και γυάλισμα μοτοσυκλέτας,Πλύσιμο και γυάλισμα της μοτοσυκλέτας για καλύτερη εμφάνιση.,15,51,Moto,2024-12-10
11,4,Αναγέννηση φαναριών,Αναγέννηση των φαναριών του αυτοκινήτου για καλύτερη ορατότητα.,45,32,Αυτοκίνητο,2025-01-12
12,17,Προστασία βαφής μοτοσυκλέτας,Εφαρμογή προστασίας για τη βαφή της μοτοσυκλέτας για μακροχρόνια φροντίδα.,40,35,Moto,2024-08-15
13,41,Πλύσιμο με μηχανή,Υπηρεσία πλήρους πλυσίματος με μηχανή για το αυτοκίνητο.,38,78,Αυτοκίνητο,2024-07-06
14,31,Αναγέννηση φαναριών,Αναγέννηση των φαναριών του αυτοκινήτου για καλύτερη ορατότητα.,50,30,Αυτοκίνητο,2024-11-15
15,10,Πλύσιμο με μηχανή,Υπηρεσία πλήρους πλυσίματος με μηχανή για το αυτοκίνητο.,32,51,Αυτοκίνητο,2024-07-13
16,37,Πλύσιμο με το χέρι,Καθαρισμός του αυτοκινήτου με το χέρι για καλύτερη ποιότητα.,45,90,Αυτοκίνητο,2024-10-05
17,35,Πλύσιμο με το χέρι,Καθαρισμός του αυτοκινήτου με το χέρι για καλύτερη ποιότητα.,35,31,Αυτοκίνητο,2024-03-22
18,3,Καθαρισμός αλυσίδας μοτοσυκλέτας,Καθαρισμός και γράσο της αλυσίδας της μοτοσυκλέτας.,21,22,Moto,2024-07-01
19,4,Αναγέννηση φαναριών,Αναγέννηση των φαναριών του αυτοκινήτου για καλύτερη ορατότητα.,20,36,Αυτοκίνητο,2024-08-03
20,9,Καθαρισμός κινητήρα,Καθαρισμός και απολίπανση του κινητήρα του αυτοκινήτου.,26,84,Αυτοκίνητο,2024-12-09
21,31,Εσωτερικός καθαρισμός,Εσωτερικός καθαρισμός του αυτοκινήτου για απομάκρυνση σκόνης και βρωμιάς.,23,66,Αυτοκίνητο,2024-08-11
22,7,Πλύσιμο και γυάλισμα μοτοσυκλέτας,Πλύσιμο και γυάλισμα της μοτοσυκλέτας για καλύτερη εμφάνιση.,45,45,Moto,2025-01-20
23,11,Καθαρισμός αλυσίδας μοτοσυκλέτας,Καθαρισμός και γράσο της αλυσίδας της μοτοσυκλέτας.,22,49,Moto,2024-06-08
24,16,Αναγέννηση φαναριών,Αναγέννηση των φαναριών του αυτοκινήτου για καλύτερη ορατότητα.,17,62,Αυτοκίνητο,2024-08-07
25,5,Εσωτερικός καθαρισμός,Εσωτερικός καθαρισμός του αυτοκινήτου για απομάκρυνση σκόνης και βρωμιάς.,25,58,Αυτοκίνητο,2025-01-31
26,19,Πλύσιμο με μηχανή,Υπηρεσία πλήρους πλυσίματος με μηχανή για το αυτοκίνητο.,20,33,Αυτοκίνητο,2024-11-21
27,1,Αναγέννηση φαναριών μοτοσυκλέτας,Αναγέννηση των φαναριών της μοτοσυκλέτας για καλύτερη ορατότητα.,14,24,Moto,2025-02-23
28,17,Πλύσιμο και γυάλισμα μοτοσυκλέτας,Πλύσιμο και γυάλισμα της μοτοσυκλέτας για καλύτερη εμφάνιση.,19,27,Moto,2024-03-27
29,9,Πλύσιμο και γυάλισμα μοτοσυκλέτας,Πλύσιμο και γυάλισμα της μοτοσυκλέτας για καλύτερη εμφάνιση.,40,24,Moto,2024-07-14
30,18,Αναγέννηση φαναριών μοτοσυκλέτας,Αναγέννηση των φαναριών της μοτοσυκλέτας για καλύτερη ορατότητα.,34,28,Moto,2024-03-29
31,35,Αναγέννηση φαναριών,Αναγέννηση των φαναριών του αυτοκινήτου για καλύτερη ορατότητα.,47,86,Αυτοκίνητο,2024-04-29
32,13,Αναγέννηση φαναριών,Αναγέννηση των φαναριών του αυτοκινήτου για καλύτερη ορατότητα.,45,60,Αυτοκίνητο,2025-02-04
33,14,Προστασία βαφής μοτοσυκλέτας,Εφαρμογή προστασίας για τη βαφή της μοτοσυκλέτας για μακροχρόνια φροντίδα.,43,21,Moto,2024-11-03
34,25,Καθαρισμός αλυσίδας μοτοσυκλέτας,Καθαρισμός και γράσο της αλυσίδας της μοτοσυκλέτας.,29,52,Moto,2024-04-21
35,48,Καθαρισμός αλυσίδας μοτοσυκλέτας,Καθαρισμός και γράσο της αλυσίδας της μοτοσυκλέτας.,18,27,Moto,2025-01-20
36,12,Πλύσιμο με μηχανή,Υπηρεσία πλήρους πλυσίματος με μηχανή για το αυτοκίνητο.,46,35,Αυτοκίνητο,2024-11-27
37,5,Πλύσιμο με το χέρι,Καθαρισμός του αυτοκινήτου με το χέρι για καλύτερη ποιότητα.,16,43,Αυτοκίνητο,2024-12-02
38,42,Εσωτερικός καθαρισμός,Εσωτερικός καθαρισμός του αυτοκινήτου για απομάκρυνση σκόνης και βρωμιάς.,37,34,Αυτοκίνητο,2025-01-16
39,35,Πλύσιμο και γυάλισμα μοτοσυκλέτας,Πλύσιμο και γυάλισμα της μοτοσυκλέτας για καλύτερη εμφάνιση.,39,50,Moto,2024-09-18
40,19,Πλύσιμο τροχών μοτοσυκλέτας,Πλύσιμο των τροχών και του συστήματος ανάρτησης της μοτοσυκλέτας.,37,47,Moto,2025-01-31
41,44,Καθαρισμός κινητήρα,Καθαρισμός και απολίπανση του κινητήρα του αυτοκινήτου.,46,63,Αυτοκίνητο,2024-04-24
42,7,Πλύσιμο τροχών μοτοσυκλέτας,Πλύσιμο των τροχών και του συστήματος ανάρτησης της μοτοσυκλέτας.,42,32,Moto,2024-04-27
43,4,Εσωτερικός καθαρισμός,Εσωτερικός καθαρισμός του αυτοκινήτου για απομάκρυνση σκόνης και βρωμιάς.,44,52,Αυτοκίνητο,2024-06-05
44,28,Πλύσιμο με μηχανή,Υπηρεσία πλήρους πλυσίματος με μηχανή για το αυτοκίνητο.,15,89,Αυτοκίνητο,2024-06-16
45,20,Προστασία βαφής μοτοσυκλέτας,Εφαρμογή προστασίας για τη βαφή της μοτοσυκλέτας για μακροχρόνια φροντίδα.,16,70,Moto,2025-02-11
46,10,Καθαρισμός κινητήρα,Καθαρισμός και απολίπανση του κινητήρα του αυτοκινήτου.,21,50,Αυτοκίνητο,2025-02-17
47,50,Πλύσιμο τροχών μοτοσυκλέτας,Πλύσιμο των τροχών και του συστήματος ανάρτησης της μοτοσυκλέτας.,28,46,Moto,2024-10-04
48,23,Πλύσιμο και γυάλισμα μοτοσυκλέτας,Πλύσιμο και γυάλισμα της μοτοσυκλέτας για καλύτερη εμφάνιση.,34,54,Moto,2025-01-03
49,12,Πλύσιμο τροχών μοτοσυκλέτας,Πλύσιμο των τροχών και του συστήματος ανάρτησης της μοτοσυκλέτας.,15,48,Moto,2024-03-27
50,40,Αναγέννηση φαναριών μοτοσυκλέτας,Αναγέννηση των φαναριών της μοτοσυκλέτας για καλύτερη ορατότητα.,27,28,Moto,2025-01-24
51,44,Πλύσιμο και γυάλισμα μοτοσυκλέτας,Πλύσιμο και γυάλισμα της μοτοσυκλέτας για καλύτερη εμφάνιση.,33,22,Moto,2024-09-20
52,5,Καθαρισμός αλυσίδας μοτοσυκλέτας,Καθαρισμός και γράσο της αλυσίδας της μοτοσυκλέτας.,32,76,Moto,2024-08-23
53,25,Πλύσιμο τροχών μοτοσυκλέτας,Πλύσιμο των τροχών και του συστήματος ανάρτησης της μοτοσυκλέτας.,23,68,Moto,2024-12-23
54,1,Αναγέννηση φαναριών,Αναγέννηση των φαναριών του αυτοκινήτου για καλύτερη ορατότητα.,24,34,Αυτοκίνητο,2024-09-20
55,34,Καθαρισμός αλυσίδας μοτοσυκλέτας,Καθαρισμός και γράσο της αλυσίδας της μοτοσυκλέτας.,19,37,Moto,2024-05-14
56,44,Καθαρισμός αλυσίδας μοτοσυκλέτας,Καθαρισμός και γράσο της αλυσίδας της μοτοσυκλέτας.,38,42,Moto,2024-09-04
57,48,Πλύσιμο με μηχανή,Υπηρεσία πλήρους πλυσίματος με μηχανή για το αυτοκίνητο.,15,84,Αυτοκίνητο,2025-01-22
58,4,Καθαρισμός κινητήρα,Καθαρισμός και απολίπανση του κινητήρα του αυτοκινήτου.,27,87,Αυτοκίνητο,2024-06-26
59,12,Πλύσιμο με το χέρι,Καθαρισμός του αυτοκινήτου με το χέρι για καλύτερη ποιότητα.,26,54,Αυτοκίνητο,2024-07-10
60,32,Καθαρισμός αλυσίδας μοτοσυκλέτας,Καθαρισμός και γράσο της αλυσίδας της μοτοσυκλέτας.,14,27,Moto,2024-12-28
61,16,Εσωτερικός καθαρισμός,Εσωτερικός καθαρισμός του αυτοκινήτου για απομάκρυνση σκόνης και βρωμιάς.,27,34,Αυτοκίνητο,2024-12-15
62,19,Πλύσιμο τροχών μοτοσυκλέτας,Πλύσιμο των τροχών και του συστήματος ανάρτησης της μοτοσυκλέτας.,23,70,Moto,2024-03-27
63,46,Πλύσιμο με το χέρι,Καθαρισμός του αυτοκινήτου με το χέρι για καλύτερη ποιότητα.,26,55,Αυτοκίνητο,2024-03-22
64,48,Αναγέννηση φαναριών,Αναγέννηση των φαναριών του αυτοκινήτου για καλύτερη ορατότητα.,18,36,Αυτοκίνητο,2024-05-05
65,42,Αναγέννηση φαναριών,Αναγέννηση των φαναριών του αυτοκινήτου για καλύτερη ορατότητα.,25,37,Αυτοκίνητο,2024-10-31
66,44,Πλύσιμο με μηχανή,Υπηρεσία πλήρους πλυσίματος με μηχανή για το αυτοκίνητο.,45,61,Αυτοκίνητο,2024-10-04
67,46,Καθαρισμός αλυσίδας μοτοσυκλέτας,Καθαρισμός και γράσο της αλυσίδας της μοτοσυκλέτας.,11,39,Moto,2024-07-13
68,34,Πλύσιμο τροχών μοτοσυκλέτας,Πλύσιμο των τροχών και του συστήματος ανάρτησης της μοτοσυκλέτας.,21,45,Moto,2024-08-04
69,13,Καθαρισμός αλυσίδας μοτοσυκλέτας,Καθαρισμός και γράσο της αλυσίδας της μοτοσυκλέτας.,27,73,Moto,2024-05-14
70,5,Πλύσιμο με το χέρι,Καθαρισμός του αυτοκινήτου με το χέρι για καλύτερη ποιότητα.,25,69,Αυτοκίνητο,2024-12-16
71,7,Καθαρισμός κινητήρα,Καθαρισμός και απολίπανση του κινητήρα του αυτοκινήτου.,24,68,Αυτοκίνητο,2024-11-27
72,8,Εσωτερικός καθαρισμός,Εσωτερικός καθαρισμός του αυτοκινήτου για απομάκρυνση σκόνης και βρωμιάς.,21,62,Αυτοκίνητο,2024-10-16
73,33,Καθαρισμός κινητήρα,Καθαρισμός και απολίπανση του κινητήρα του αυτοκινήτου.,20,80,Αυτοκίνητο,2025-02-15
74,50,Καθαρισμός κινητήρα,Καθαρισμός και απολίπανση του κινητήρα του αυτοκινήτου.,15,35,Αυτοκίνητο,2024-03-22
75,34,Εσωτερικός καθαρισμός,Εσωτερικός καθαρισμός του αυτοκινήτου για απομάκρυνση σκόνης και βρωμιάς.,45,32,Αυτοκίνητο,2025-02-24
76,18,Πλύσιμο με το χέρι,Καθαρισμός του αυτοκινήτου με το χέρι για καλύτερη ποιότητα.,49,44,Αυτοκίνητο,2024-06-18
77,9,Πλύσιμο με μηχανή,Υπηρεσία πλήρους πλυσίματος με μηχανή για το αυτοκίνητο.,23,87,Αυτοκίνητο,2025-01-01
78,34,Προστασία βαφής μοτοσυκλέτας,Εφαρμογή προστασίας για τη βαφή της μοτοσυκλέτας για μακροχρόνια φροντίδα.,34,61,Moto,2025-02-17
79,5,Πλύσιμο και γυάλισμα μοτοσυκλέτας,Πλύσιμο και γυάλισμα της μοτοσυκλέτας για καλύτερη εμφάνιση.,11,69,Moto,2024-07-11
80,43,Καθαρισμός κινητήρα,Καθαρισμός και απολίπανση του κινητήρα του αυτοκινήτου.,31,41,Αυτοκίνητο,2024-11-21
81,20,Εσωτερικός καθαρισμός,Εσωτερικός καθαρισμός του αυτοκινήτου για απομάκρυνση σκόνης και βρωμιάς.,47,84,Αυτοκίνητο,2024-03-31
82,11,Προστασία βαφής μοτοσυκλέτας,Εφαρμογή προστασίας για τη βαφή της μοτοσυκλέτας για μακροχρόνια φροντίδα.,25,37,Moto,2024-08-14
83,50,Πλύσιμο τροχών μοτοσυκλέτας,Πλύσιμο των τροχών και του συστήματος ανάρτησης της μοτοσυκλέτας.,27,20,Moto,2024-03-29
84,14,Αναγέννηση φαναριών μοτοσυκλέτας,Αναγέννηση των φαναριών της μοτοσυκλέτας για καλύτερη ορατότητα.,27,44,Moto,2024-04-08
85,34,Καθαρισμός κινητήρα,Καθαρισμός και απολίπανση του κινητήρα του αυτοκινήτου.,21,59,Αυτοκίνητο,2025-03-06
86,20,Αναγέννηση φαναριών,Αναγέννηση των φαναριών του αυτοκινήτου για καλύτερη ορατότητα.,24,44,Αυτοκίνητο,2024-04-21
87,14,Πλύσιμο τροχών μοτοσυκλέτας,Πλύσιμο των τροχών και του συστήματος ανάρτησης της μοτοσυκλέτας.,36,32,Moto,2024-12-15
88,28,Πλύσιμο με το χέρι,Καθαρισμός του αυτοκινήτου με το χέρι για καλύτερη ποιότητα.,27,48,Αυτοκίνητο,2024-05-11
89,10,Εσωτερικός καθαρισμός,Εσωτερικός καθαρισμός του αυτοκινήτου για απομάκρυνση σκόνης και βρωμιάς.,36,63,Αυτοκίνητο,2024-05-04
90,7,Αναγέννηση φαναριών μοτοσυκλέτας,Αναγέννηση των φαναριών της μοτοσυκλέτας για καλύτερη ορατότητα.,40,40,Moto,2024-05-02
91,49,Πλύσιμο τροχών μοτοσυκλέτας,Πλύσιμο των τροχών και του συστήματος ανάρτησης της μοτοσυκλέτας.,38,52,Moto,2024-05-15
92,3,Προστασία βαφής μοτοσυκλέτας,Εφαρμογή προστασίας για τη βαφή της μοτοσυκλέτας για μακροχρόνια φροντίδα.,40,53,Moto,2024-05-25
93,4,Καθαρισμός κινητήρα,Καθαρισμός και απολίπανση του κινητήρα του αυτοκινήτου.,34,75,Αυτοκίνητο,2024-06-01
94,11,Πλύσιμο και γυάλισμα μοτοσυκλέτας,Πλύσιμο και γυάλισμα της μοτοσυκλέτας για καλύτερη εμφάνιση.,40,35,Moto,2025-02-19
95,44,Πλύσιμο και γυάλισμα μοτοσυκλέτας,Πλύσιμο και γυάλισμα της μοτοσυκλέτας για καλύτερη εμφάνιση.,34,27,Moto,2025-02-05
96,23,Καθαρισμός αλυσίδας μοτοσυκλέτας,Καθαρισμός και γράσο της αλυσίδας της μοτοσυκλέτας.,37,42,Moto,2024-06-22
97,3,Πλύσιμο τροχών μοτοσυκλέτας,Πλύσιμο των τροχών και του συστήματος ανάρτησης της μοτοσυκλέτας.,26,51,Moto,2024-03-27
98,44,Πλύσιμο και γυάλισμα μοτοσυκλέτας,Πλύσιμο και γυάλισμα της μοτοσυκλέτας για καλύτερη εμφάνιση.,26,26,Moto,2024-12-23
99,34,Αναγέννηση φαναριών,Αναγέννηση των φαναριών του αυτοκινήτου για καλύτερη ορατότητα.,41,45,Αυτοκίνητο,2025-01-13
100,42,Πλύσιμο με το χέρι,Καθαρισμός του αυτοκινήτου με το χέρι για καλύτερη ποιότητα.,30,53,Αυτοκίνητο,2024-12-28
101,23,Πλύσιμο τροχών μοτοσυκλέτας,Πλύσιμο των τροχών και του συστήματος ανάρτησης της μοτοσυκλέτας.,11,67,Moto,2024-06-20
102,17,Αναγέννηση φαναριών μοτοσυκλέτας,Αναγέννηση των φαναριών της μοτοσυκλέτας για καλύτερη ορατότητα.,12,77,Moto,2024-08-12
103,23,Πλύσιμο με το χέρι,Καθαρισμός του αυτοκινήτου με το χέρι για καλύτερη ποιότητα.,23,69,Αυτοκίνητο,2024-06-27
104,38,Πλύσιμο με το χέρι,Καθαρισμός του αυτοκινήτου με το χέρι για καλύτερη ποιότητα.,26,80,Αυτοκίνητο,2024-10-27
105,16,Πλύσιμο με το χέρι,Καθαρισμός του αυτοκινήτου με το χέρι για καλύτερη ποιότητα.,38,86,Αυτοκίνητο,2024-08-12
106,4,Πλύσιμο και γυάλισμα μοτοσυκλέτας,Πλύσιμο και γυάλισμα της μοτοσυκλέτας για καλύτερη εμφάνιση.,33,59,Moto,2024-04-06
107,48,Πλύσιμο και γυάλισμα μοτοσυκλέτας,Πλύσιμο και γυάλισμα της μοτοσυκλέτας για καλύτερη εμφάνιση.,39,51,Moto,2024-03-16
108,36,Πλύσιμο τροχών μοτοσυκλέτας,Πλύσιμο των τροχών και του συστήματος ανάρτησης της μοτοσυκλέτας.,11,27,Moto,2024-07-25
109,9,Πλύσιμο τροχών μοτοσυκλέτας,Πλύσιμο των τροχών και του συστήματος ανάρτησης της μοτοσυκλέτας.,38,30,Moto,2025-01-16
110,20,Εσωτερικός καθαρισμός,Εσωτερικός καθαρισμός του αυτοκινήτου για απομάκρυνση σκόνης και βρωμιάς.,40,82,Αυτοκίνητο,2024-11-03
111,34,Πλύσιμο και γυάλισμα μοτοσυκλέτας,Πλύσιμο και γυάλισμα της μοτοσυκλέτας για καλύτερη εμφάνιση.,42,79,Moto,2025-02-14
112,1,Προστασία βαφής μοτοσυκλέτας,Εφαρμογή προστασίας για τη βαφή της μοτοσυκλέτας για μακροχρόνια φροντίδα.,16,42,Moto,2024-11-15
113,11,Καθαρισμός αλυσίδας μοτοσυκλέτας,Καθαρισμός και γράσο της αλυσίδας της μοτοσυκλέτας.,38,32,Moto,2024-05-24
114,4,Εσωτερικός καθαρισμός,Εσωτερικός καθαρισμός του αυτοκινήτου για απομάκρυνση σκόνης και βρωμιάς.,25,69,Αυτοκίνητο,2025-01-06
115,21,Πλύσιμο με μηχανή,Υπηρεσία πλήρους πλυσίματος με μηχανή για το αυτοκίνητο.,38,81,Αυτοκίνητο,2024-12-02
116,32,Πλύσιμο και γυάλισμα μοτοσυκλέτας,Πλύσιμο και γυάλισμα της μοτοσυκλέτας για καλύτερη εμφάνιση.,14,72,Moto,2024-11-24
117,43,Πλύσιμο τροχών μοτοσυκλέτας,Πλύσιμο των τροχών και του συστήματος ανάρτησης της μοτοσυκλέτας.,28,28,Moto,2024-04-23
118,47,Καθαρισμός κινητήρα,Καθαρισμός και απολίπανση του κινητήρα του αυτοκινήτου.,43,78,Αυτοκίνητο,2024-10-31
119,23,Καθαρισμός κινητήρα,Καθαρισμός και απολίπανση του κινητήρα του αυτοκινήτου.,16,57,Αυτοκίνητο,2024-03-17
120,21,Πλύσιμο και γυάλισμα μοτοσυκλέτας,Πλύσιμο και γυάλισμα της μοτοσυκλέτας για καλύτερη εμφάνιση.,39,46,Moto,2024-12-10
121,10,Πλύσιμο τροχών μοτοσυκλέτας,Πλύσιμο των τροχών και του συστήματος ανάρτησης της μοτοσυκλέτας.,32,24,Moto,2024-12-03
122,38,Πλύσιμο με το χέρι,Καθαρισμός του αυτοκινήτου με το χέρι για καλύτερη ποιότητα.,44,78,Αυτοκίνητο,2024-11-27
123,23,Αναγέννηση φαναριών μοτοσυκλέτας,Αναγέννηση των φαναριών της μοτοσυκλέτας για καλύτερη ορατότητα.,13,54,Moto,2024-11-25
124,11,Καθαρισμός αλυσίδας μοτοσυκλέτας,Καθαρισμός και γράσο της αλυσίδας της μοτοσυκλέτας.,11,31,Moto,2024-11-12
125,2,Πλύσιμο και γυάλισμα μοτοσυκλέτας,Πλύσιμο και γυάλισμα της μοτοσυκλέτας για καλύτερη εμφάνιση.,21,42,Moto,2024-10-14
126,30,Καθαρισμός αλυσίδας μοτοσυκλέτας,Καθαρισμός και γράσο της αλυσίδας της μοτοσυκλέτας.,29,68,Moto,2024-06-06
127,25,Πλύσιμο τροχών μοτοσυκλέτας,Πλύσιμο των τροχών και του συστήματος ανάρτησης της μοτοσυκλέτας.,19,33,Moto,2024-03-22
128,10,Εσωτερικός καθαρισμός,Εσωτερικός καθαρισμός του αυτοκινήτου για απομάκρυνση σκόνης και βρωμιάς.,36,38,Αυτοκίνητο,2024-05-10
129,39,Πλύσιμο με το χέρι,Καθαρισμός του αυτοκινήτου με το χέρι για καλύτερη ποιότητα.,27,82,Αυτοκίνητο,2024-04-24
130,41,Πλύσιμο και γυάλισμα μοτοσυκλέτας,Πλύσιμο και γυάλισμα της μοτοσυκλέτας για καλύτερη εμφάνιση.,33,45,Moto,2024-03-26
131,16,Πλύσιμο και γυάλισμα μοτοσυκλέτας,Πλύσιμο και γυάλισμα της μοτοσυκλέτας για καλύτερη εμφάνιση.,37,64,Moto,2025-01-15
132,24,Αναγέννηση φαναριών,Αναγέννηση των φαναριών του αυτοκινήτου για καλύτερη ορατότητα.,36,62,Αυτοκίνητο,2024-05-16
133,27,Προστασία βαφής μοτοσυκλέτας,Εφαρμογή προστασίας για τη βαφή της μοτοσυκλέτας για μακροχρόνια φροντίδα.,34,56,Moto,2024-11-26
134,39,Αναγέννηση φαναριών,Αναγέννηση των φαναριών του αυτοκινήτου για καλύτερη ορατότητα.,24,76,Αυτοκίνητο,2024-09-16
135,45,Πλύσιμο με μηχανή,Υπηρεσία πλήρους πλυσίματος με μηχανή για το αυτοκίνητο.,16,83,Αυτοκίνητο,2024-09-26
136,7,Πλύσιμο τροχών μοτοσυκλέτας,Πλύσιμο των τροχών και του συστήματος ανάρτησης της μοτοσυκλέτας.,32,41,Moto,2024-06-08
137,11,Καθαρισμός κινητήρα,Καθαρισμός και απολίπανση του κινητήρα του αυτοκινήτου.,20,63,Αυτοκίνητο,2024-07-17
138,13,Εσωτερικός καθαρισμός,Εσωτερικός καθαρισμός του αυτοκινήτου για απομάκρυνση σκόνης και βρωμιάς.,21,82,Αυτοκίνητο,2024-12-05
139,47,Αναγέννηση φαναριών,Αναγέννηση των φαναριών του αυτοκινήτου για καλύτερη ορατότητα.,34,65,Αυτοκίνητο,2024-12-19
140,15,Πλύσιμο με το χέρι,Καθαρισμός του αυτοκινήτου με το χέρι για καλύτερη ποιότητα.,44,32,Αυτοκίνητο,2024-11-28
141,4,Αναγέννηση φαναριών μοτοσυκλέτας,Αναγέννηση των φαναριών της μοτοσυκλέτας για καλύτερη ορατότητα.,34,62,Moto,2024-03-26
142,25,Προστασία βαφής μοτοσυκλέτας,Εφαρμογή προστασίας για τη βαφή της μοτοσυκλέτας για μακροχρόνια φροντίδα.,21,73,Moto,2025-01-13
143,32,Προστασία βαφής μοτοσυκλέτας,Εφαρμογή προστασίας για τη βαφή της μοτοσυκλέτας για μακροχρόνια φροντίδα.,28,43,Moto,2024-12-27
144,9,Προστασία βαφής μοτοσυκλέτας,Εφαρμογή προστασίας για τη βαφή της μοτοσυκλέτας για μακροχρόνια φροντίδα.,12,68,Moto,2024-08-25
145,47,Αναγέννηση φαναριών μοτοσυκλέτας,Αναγέννηση των φαναριών της μοτοσυκλέτας για καλύτερη ορατότητα.,12,37,Moto,2024-04-25
146,40,Καθαρισμός κινητήρα,Καθαρισμός και απολίπανση του κινητήρα του αυτοκινήτου.,29,36,Αυτοκίνητο,2024-04-18
147,10,Αναγέννηση φαναριών,Αναγέννηση των φαναριών του αυτοκινήτου για καλύτερη ορατότητα.,47,31,Αυτοκίνητο,2024-10-07
148,44,Πλύσιμο με μηχανή,Υπηρεσία πλήρους πλυσίματος με μηχανή για το αυτοκίνητο.,34,81,Αυτοκίνητο,2024-12-08
149,20,Πλύσιμο με το χέρι,Καθαρισμός του αυτοκινήτου με το χέρι για καλύτερη ποιότητα.,28,30,Αυτοκίνητο,2025-02-19
150,19,Αναγέννηση φαναριών,Αναγέννηση των φαναριών του αυτοκινήτου για καλύτερη ορατότητα.,39,46,Αυτοκίνητο,2024-08-14
151,27,Πλύσιμο με το χέρι,Καθαρισμός του αυτοκινήτου με το χέρι για καλύτερη ποιότητα.,31,65,Αυτοκίνητο,2025-03-01
152,5,Πλύσιμο με το χέρι,Καθαρισμός του αυτοκινήτου με το χέρι για καλύτερη ποιότητα.,36,36,Αυτοκίνητο,2024-10-21
153,31,Πλύσιμο τροχών μοτοσυκλέτας,Πλύσιμο των τροχών και του συστήματος ανάρτησης της μοτοσυκλέτας.,34,38,Moto,2024-10-22
154,24,Πλύσιμο τροχών μοτοσυκλέτας,Πλύσιμο των τροχών και του συστήματος ανάρτησης της μοτοσυκλέτας.,45,71,Moto,2024-05-23
155,2,Καθαρισμός κινητήρα,Καθαρισμός και απολίπανση του κινητήρα του αυτοκινήτου.,39,57,Αυτοκίνητο,2024-10-05
156,38,Προστασία βαφής μοτοσυκλέτας,Εφαρμογή προστασίας για τη βαφή της μοτοσυκλέτας για μακροχρόνια φροντίδα.,38,38,Moto,2024-09-12
157,2,Προστασία βαφής μοτοσυκλέτας,Εφαρμογή προστασίας για τη βαφή της μοτοσυκλέτας για μακροχρόνια φροντίδα.,11,69,Moto,2025-02-05
158,14,Καθαρισμός αλυσίδας μοτοσυκλέτας,Καθαρισμός και γράσο της αλυσίδας της μοτοσυκλέτας.,17,59,Moto,2024-05-20
159,50,Προστασία βαφής μοτοσυκλέτας,Εφαρμογή προστασίας για τη βαφή της μοτοσυκλέτας για μακροχρόνια φροντίδα.,13,69,Moto,2024-08-30
160,3,Πλύσιμο και γυάλισμα μοτοσυκλέτας,Πλύσιμο και γυάλισμα της μοτοσυκλέτας για καλύτερη εμφάνιση.,30,63,Moto,2024-07-08
161,16,Πλύσιμο και γυάλισμα μοτοσυκλέτας,Πλύσιμο και γυάλισμα της μοτοσυκλέτας για καλύτερη εμφάνιση.,24,24,Moto,2025-02-16
162,49,Πλύσιμο με μηχανή,Υπηρεσία πλήρους πλυσίματος με μηχανή για το αυτοκίνητο.,21,67,Αυτοκίνητο,2024-06-08
163,48,Πλύσιμο τροχών μοτοσυκλέτας,Πλύσιμο των τροχών και του συστήματος ανάρτησης της μοτοσυκλέτας.,21,30,Moto,2024-12-26
164,28,Πλύσιμο τροχών μοτοσυκλέτας,Πλύσιμο των τροχών και του συστήματος ανάρτησης της μοτοσυκλέτας.,27,64,Moto,2025-02-11
165,42,Πλύσιμο και γυάλισμα μοτοσυκλέτας,Πλύσιμο και γυάλισμα της μοτοσυκλέτας για καλύτερη εμφάνιση.,12,30,Moto,2024-06-14
166,2,Πλύσιμο με μηχανή,Υπηρεσία πλήρους πλυσίματος με μηχανή για το αυτοκίνητο.,23,40,Αυτοκίνητο,2025-02-06
167,32,Αναγέννηση φαναριών,Αναγέννηση των φαναριών του αυτοκινήτου για καλύτερη ορατότητα.,43,78,Αυτοκίνητο,2024-06-19
168,30,Εσωτερικός καθαρισμός,Εσωτερικός καθαρισμός του αυτοκινήτου για απομάκρυνση σκόνης και βρωμιάς.,40,36,Αυτοκίνητο,2024-12-22
169,11,Καθαρισμός κινητήρα,Καθαρισμός και απολίπανση του κινητήρα του αυτοκινήτου.,46,46,Αυτοκίνητο,2024-04-09
170,46,Αναγέννηση φαναριών μοτοσυκλέτας,Αναγέννηση των φαναριών της μοτοσυκλέτας για καλύτερη ορατότητα.,22,61,Moto,2024-06-21
171,37,Αναγέννηση φαναριών,Αναγέννηση των φαναριών του αυτοκινήτου για καλύτερη ορατότητα.,38,56,Αυτοκίνητο,2024-12-07
172,50,Εσωτερικός καθαρισμός,Εσωτερικός καθαρισμός του αυτοκινήτου για απομάκρυνση σκόνης και βρωμιάς.,31,81,Αυτοκίνητο,2024-07-23
173,34,Πλύσιμο με μηχανή,Υπηρεσία πλήρους πλυσίματος με μηχανή για το αυτοκίνητο.,37,42,Αυτοκίνητο,2024-12-14
174,50,Πλύσιμο με το χέρι,Καθαρισμός του αυτοκινήτου με το χέρι για καλύτερη ποιότητα.,47,59,Αυτοκίνητο,2024-09-30
175,7,Πλύσιμο και γυάλισμα μοτοσυκλέτας,Πλύσιμο και γυάλισμα της μοτοσυκλέτας για καλύτερη εμφάνιση.,27,43,Moto,2024-09-30
176,31,Πλύσιμο με το χέρι,Καθαρισμός του αυτοκινήτου με το χέρι για καλύτερη ποιότητα.,45,73,Αυτοκίνητο,2024-08-10
177,46,Καθαρισμός κινητήρα,Καθαρισμός και απολίπανση του κινητήρα του αυτοκινήτου.,21,77,Αυτοκίνητο,2024-07-08
178,46,Αναγέννηση φαναριών μοτοσυκλέτας,Αναγέννηση των φαναριών της μοτοσυκλέτας για καλύτερη ορατότητα.,22,55,Moto,2024-11-21
179,40,Εσωτερικός καθαρισμός,Εσωτερικός καθαρισμός του αυτοκινήτου για απομάκρυνση σκόνης και βρωμιάς.,21,32,Αυτοκίνητο,2025-01-30
180,34,Αναγέννηση φαναριών μοτοσυκλέτας,Αναγέννηση των φαναριών της μοτοσυκλέτας για καλύτερη ορατότητα.,13,38,Moto,2024-07-04
181,48,Πλύσιμο και γυάλισμα μοτοσυκλέτας,Πλύσιμο και γυάλισμα της μοτοσυκλέτας για καλύτερη εμφάνιση.,30,73,Moto,2025-01-19
182,48,Πλύσιμο τροχών μοτοσυκλέτας,Πλύσιμο των τροχών και του συστήματος ανάρτησης της μοτοσυκλέτας.,16,59,Moto,2024-11-29
183,3,Αναγέννηση φαναριών,Αναγέννηση των φαναριών του αυτοκινήτου για καλύτερη ορατότητα.,44,90,Αυτοκίνητο,2025-03-04
184,8,Προστασία βαφής μοτοσυκλέτας,Εφαρμογή προστασίας για τη βαφή της μοτοσυκλέτας για μακροχρόνια φροντίδα.,17,65,Moto,2024-08-09
185,46,Καθαρισμός αλυσίδας μοτοσυκλέτας,Καθαρισμός και γράσο της αλυσίδας της μοτοσυκλέτας.,40,60,Moto,2024-07-05
186,43,Αναγέννηση φαναριών μοτοσυκλέτας,Αναγέννηση των φαναριών της μοτοσυκλέτας για καλύτερη ορατότητα.,38,75,Moto,2024-08-04
187,23,Πλύσιμο τροχών μοτοσυκλέτας,Πλύσιμο των τροχών και του συστήματος ανάρτησης της μοτοσυκλέτας.,14,68,Moto,2024-07-21
188,2,Εσωτερικός καθαρισμός,Εσωτερικός καθαρισμός του αυτοκινήτου για απομάκρυνση σκόνης και βρωμιάς.,46,36,Αυτοκίνητο,2025-01-18
189,19,Πλύσιμο με το χέρι,Καθαρισμός του αυτοκινήτου με το χέρι για καλύτερη ποιότητα.,31,35,Αυτοκίνητο,2025-01-16
190,44,Προστασία βαφής μοτοσυκλέτας,Εφαρμογή προστασίας για τη βαφή της μοτοσυκλέτας για μακροχρόνια φροντίδα.,32,43,Moto,2024-11-04
191,10,Πλύσιμο με το χέρι,Καθαρισμός του αυτοκινήτου με το χέρι για καλύτερη ποιότητα.,26,39,Αυτοκίνητο,2025-02-02
192,1,Καθαρισμός κινητήρα,Καθαρισμός και απολίπανση του κινητήρα του αυτοκινήτου.,15,60,Αυτοκίνητο,2024-11-02
193,45,Πλύσιμο και γυάλισμα μοτοσυκλέτας,Πλύσιμο και γυάλισμα της μοτοσυκλέτας για καλύτερη εμφάνιση.,15,78,Moto,2024-03-26
194,12,Εσωτερικός καθαρισμός,Εσωτερικός καθαρισμός του αυτοκινήτου για απομάκρυνση σκόνης και βρωμιάς.,36,36,Αυτοκίνητο,2025-02-05
195,43,Προστασία βαφής μοτοσυκλέτας,Εφαρμογή προστασίας για τη βαφή της μοτοσυκλέτας για μακροχρόνια φροντίδα.,36,22,Moto,2024-12-02
196,18,Προστασία βαφής μοτοσυκλέτας,Εφαρμογή προστασίας για τη βαφή της μοτοσυκλέτας για μακροχρόνια φροντίδα.,21,64,Moto,2024-12-08
197,3,Εσωτερικός καθαρισμός,Εσωτερικός καθαρισμός του αυτοκινήτου για απομάκρυνση σκόνης και βρωμιάς.,34,84,Αυτοκίνητο,2024-06-05
198,8,Πλύσιμο με το χέρι,Καθαρισμός του αυτοκινήτου με το χέρι για καλύτερη ποιότητα.,23,75,Αυτοκίνητο,2024-08-25
199,26,Αναγέννηση φαναριών,Αναγέννηση των φαναριών του αυτοκινήτου για καλύτερη ορατότητα.,50,38,Αυτοκίνητο,2025-02-09
200,31,Αναγέννηση φαναριών μοτοσυκλέτας,Αναγέννηση των φαναριών της μοτοσυκλέτας για καλύτερη ορατότητα.,39,36,Moto,2024-09-20
201,48,Καθαρισμός αλυσίδας μοτοσυκλέτας,Καθαρισμός και γράσο της αλυσίδας της μοτοσυκλέτας.,24,35,Moto,2024-05-02
202,5,Καθαρισμός αλυσίδας μοτοσυκλέτας,Καθαρισμός και γράσο της αλυσίδας της μοτοσυκλέτας.,40,60,Moto,2024-05-17
203,37,Αναγέννηση φαναριών μοτοσυκλέτας,Αναγέννηση των φαναριών της μοτοσυκλέτας για καλύτερη ορατότητα.,42,45,Moto,2024-08-11
204,14,Καθαρισμός κινητήρα,Καθαρισμός και απολίπανση του κινητήρα του αυτοκινήτου.,23,84,Αυτοκίνητο,2024-04-25
205,22,Εσωτερικός καθαρισμός,Εσωτερικός καθαρισμός του αυτοκινήτου για απομάκρυνση σκόνης και βρωμιάς.,47,80,Αυτοκίνητο,2024-05-13
206,7,Εσωτερικός καθαρισμός,Εσωτερικός καθαρισμός του αυτοκινήτου για απομάκρυνση σκόνης και βρωμιάς.,40,55,Αυτοκίνητο,2024-12-22
207,17,Πλύσιμο με μηχανή,Υπηρεσία πλήρους πλυσίματος με μηχανή για το αυτοκίνητο.,26,61,Αυτοκίνητο,2024-10-04
208,47,Καθαρισμός κινητήρα,Καθαρισμός και απολίπανση του κινητήρα του αυτοκινήτου.,30,46,Αυτοκίνητο,2024-09-21
209,33,Αναγέννηση φαναριών μοτοσυκλέτας,Αναγέννηση των φαναριών της μοτοσυκλέτας για καλύτερη ορατότητα.,11,43,Moto,2024-04-12
210,38,Προστασία βαφής μοτοσυκλέτας,Εφαρμογή προστασίας για τη βαφή της μοτοσυκλέτας για μακροχρόνια φροντίδα.,15,39,Moto,2024-05-28
211,3,Πλύσιμο με το χέρι,Καθαρισμός του αυτοκινήτου με το χέρι για καλύτερη ποιότητα.,46,83,Αυτοκίνητο,2025-02-08
212,13,Προστασία βαφής μοτοσυκλέτας,Εφαρμογή προστασίας για τη βαφή της μοτοσυκλέτας για μακροχρόνια φροντίδα.,39,71,Moto,2024-11-27
213,42,Πλύσιμο με το χέρι,Καθαρισμός του αυτοκινήτου με το χέρι για καλύτερη ποιότητα.,27,42,Αυτοκίνητο,2024-08-05
214,15,Εσωτερικός καθαρισμός,Εσωτερικός καθαρισμός του αυτοκινήτου για απομάκρυνση σκόνης και βρωμιάς.,47,65,Αυτοκίνητο,2025-01-06
215,4,Εσωτερικός καθαρισμός,Εσωτερικός καθαρισμός του αυτοκινήτου για απομάκρυνση σκόνης και βρωμιάς.,18,43,Αυτοκίνητο,2025-01-14
216,41,Πλύσιμο με το χέρι,Καθαρισμός του αυτοκινήτου με το χέρι για καλύτερη ποιότητα.,41,50,Αυτοκίνητο,2025-01-01
217,12,Εσωτερικός καθαρισμός,Εσωτερικός καθαρισμός του αυτοκινήτου για απομάκρυνση σκόνης και βρωμιάς.,42,57,Αυτοκίνητο,2024-03-24
218,24,Αναγέννηση φαναριών μοτοσυκλέτας,Αναγέννηση των φαναριών της μοτοσυκλέτας για καλύτερη ορατότητα.,26,61,Moto,2024-12-29
219,13,Προστασία βαφής μοτοσυκλέτας,Εφαρμογή προστασίας για τη βαφή της μοτοσυκλέτας για μακροχρόνια φροντίδα.,20,64,Moto,2024-08-03
220,36,Πλύσιμο τροχών μοτοσυκλέτας,Πλύσιμο των τροχών και του συστήματος ανάρτησης της μοτοσυκλέτας.,17,72,Moto,2024-09-03
221,9,Πλύσιμο με μηχανή,Υπηρεσία πλήρους πλυσίματος με μηχανή για το αυτοκίνητο.,29,46,Αυτοκίνητο,2024-04-20
222,22,Πλύσιμο τροχών μοτοσυκλέτας,Πλύσιμο των τροχών και του συστήματος ανάρτησης της μοτοσυκλέτας.,28,42,Moto,2024-12-08
223,47,Αναγέννηση φαναριών μοτοσυκλέτας,Αναγέννηση των φαναριών της μοτοσυκλέτας για καλύτερη ορατότητα.,39,60,Moto,2025-03-14
224,19,Καθαρισμός κινητήρα,Καθαρισμός και απολίπανση του κινητήρα του αυτοκινήτου.,19,83,Αυτοκίνητο,2025-01-24
225,4,Αναγέννηση φαναριών,Αναγέννηση των φαναριών του αυτοκινήτου για καλύτερη ορατότητα.,45,51,Αυτοκίνητο,2024-08-28
226,42,Πλύσιμο και γυάλισμα μοτοσυκλέτας,Πλύσιμο και γυάλισμα της μοτοσυκλέτας για καλύτερη εμφάνιση.,14,78,Moto,2025-03-11
227,27,Αναγέννηση φαναριών μοτοσυκλέτας,Αναγέννηση των φαναριών της μοτοσυκλέτας για καλύτερη ορατότητα.,40,80,Moto,2024-10-02
228,16,Αναγέννηση φαναριών,Αναγέννηση των φαναριών του αυτοκινήτου για καλύτερη ορατότητα.,17,68,Αυτοκίνητο,2024-10-12
229,37,Αναγέννηση φαναριών,Αναγέννηση των φαναριών του αυτοκινήτου για καλύτερη ορατότητα.,25,59,Αυτοκίνητο,2024-09-21
230,12,Πλύσιμο και γυάλισμα μοτοσυκλέτας,Πλύσιμο και γυάλισμα της μοτοσυκλέτας για καλύτερη εμφάνιση.,31,65,Moto,2024-09-30
231,45,Πλύσιμο με μηχανή,Υπηρεσία πλήρους πλυσίματος με μηχανή για το αυτοκίνητο.,16,60,Αυτοκίνητο,2024-10-26
232,31,Πλύσιμο με το χέρι,Καθαρισμός του αυτοκινήτου με το χέρι για καλύτερη ποιότητα.,18,53,Αυτοκίνητο,2024-09-30
233,20,Πλύσιμο τροχών μοτοσυκλέτας,Πλύσιμο των τροχών και του συστήματος ανάρτησης της μοτοσυκλέτας.,33,70,Moto,2024-05-10
234,29,Προστασία βαφής μοτοσυκλέτας,Εφαρμογή προστασίας για τη βαφή της μοτοσυκλέτας για μακροχρόνια φροντίδα.,19,61,Moto,2024-12-22
235,1,Πλύσιμο και γυάλισμα μοτοσυκλέτας,Πλύσιμο και γυάλισμα της μοτοσυκλέτας για καλύτερη εμφάνιση.,38,38,Moto,2024-05-07
236,8,Πλύσιμο τροχών μοτοσυκλέτας,Πλύσιμο των τροχών και του συστήματος ανάρτησης της μοτοσυκλέτας.,43,80,Moto,2024-05-07
237,5,Αναγέννηση φαναριών,Αναγέννηση των φαναριών του αυτοκινήτου για καλύτερη ορατότητα.,15,44,Αυτοκίνητο,2024-04-04
238,41,Εσωτερικός καθαρισμός,Εσωτερικός καθαρισμός του αυτοκινήτου για απομάκρυνση σκόνης και βρωμιάς.,33,62,Αυτοκίνητο,2024-09-08
239,28,Προστασία βαφής μοτοσυκλέτας,Εφαρμογή προστασίας για τη βαφή της μοτοσυκλέτας για μακροχρόνια φροντίδα.,24,69,Moto,2024-06-01
240,23,Προστασία βαφής μοτοσυκλέτας,Εφαρμογή προστασίας για τη βαφή της μοτοσυκλέτας για μακροχρόνια φροντίδα.,19,62,Moto,2025-01-04
241,37,Εσωτερικός καθαρισμός,Εσωτερικός καθαρισμός του αυτοκινήτου για απομάκρυνση σκόνης και βρωμιάς.,32,84,Αυτοκίνητο,2024-08-09
242,17,Αναγέννηση φαναριών,Αναγέννηση των φαναριών του αυτοκινήτου για καλύτερη ορατότητα.,16,78,Αυτοκίνητο,2024-07-11
243,17,Προστασία βαφής μοτοσυκλέτας,Εφαρμογή προστασίας για τη βαφή της μοτοσυκλέτας για μακροχρόνια φροντίδα.,31,40,Moto,2024-07-13
244,32,Προστασία βαφής μοτοσυκλέτας,Εφαρμογή προστασίας για τη βαφή της μοτοσυκλέτας για μακροχρόνια φροντίδα.,16,62,Moto,2025-02-14
245,34,Πλύσιμο και γυάλισμα μοτοσυκλέτας,Πλύσιμο και γυάλισμα της μοτοσυκλέτας για καλύτερη εμφάνιση.,32,79,Moto,2024-06-26
246,46,Αναγέννηση φαναριών μοτοσυκλέτας,Αναγέννηση των φαναριών της μοτοσυκλέτας για καλύτερη ορατότητα.,41,34,Moto,2024-11-13
247,2,Πλύσιμο με το χέρι,Καθαρισμός του αυτοκινήτου με το χέρι για καλύτερη ποιότητα.,33,86,Αυτοκίνητο,2024-08-31
248,45,Αναγέννηση φαναριών μοτοσυκλέτας,Αναγέννηση των φαναριών της μοτοσυκλέτας για καλύτερη ορατότητα.,34,39,Moto,2024-05-17
249,39,Καθαρισμός κινητήρα,Καθαρισμός και απολίπανση του κινητήρα του αυτοκινήτου.,23,54,Αυτοκίνητο,2024-10-04
250,2,Πλύσιμο τροχών μοτοσυκλέτας,Πλύσιμο των τροχών και του συστήματος ανάρτησης της μοτοσυκλέτας.,44,22,Moto,2025-01-11
251,42,Πλύσιμο και γυάλισμα μοτοσυκλέτας,Πλύσιμο και γυάλισμα της μοτοσυκλέτας για καλύτερη εμφάνιση.,45,73,Moto,2024-06-18
252,43,Πλύσιμο με το χέρι,Καθαρισμός του αυτοκινήτου με το χέρι για καλύτερη ποιότητα.,47,52,Αυτοκίνητο,2025-01-13
253,34,Προστασία βαφής μοτοσυκλέτας,Εφαρμογή προστασίας για τη βαφή της μοτοσυκλέτας για μακροχρόνια φροντίδα.,16,24,Moto,2024-07-27
254,17,Πλύσιμο τροχών μοτοσυκλέτας,Πλύσιμο των τροχών και του συστήματος ανάρτησης της μοτοσυκλέτας.,15,61,Moto,2025-02-23
255,27,Καθαρισμός αλυσίδας μοτοσυκλέτας,Καθαρισμός και γράσο της αλυσίδας της μοτοσυκλέτας.,30,73,Moto,2024-11-26
256,33,Προστασία βαφής μοτοσυκλέτας,Εφαρμογή προστασίας για τη βαφή της μοτοσυκλέτας για μακροχρόνια φροντίδα.,20,62,Moto,2024-09-13
257,42,Αναγέννηση φαναριών μοτοσυκλέτας,Αναγέννηση των φαναριών της μοτοσυκλέτας για καλύτερη ορατότητα.,28,33,Moto,2024-04-11
258,31,Πλύσιμο με μηχανή,Υπηρεσία πλήρους πλυσίματος με μηχανή για το αυτοκίνητο.,47,35,Αυτοκίνητο,2024-05-07
259,35,Καθαρισμός κινητήρα,Καθαρισμός και απολίπανση του κινητήρα του αυτοκινήτου.,34,57,Αυτοκίνητο,2025-02-20
260,44,Εσωτερικός καθαρισμός,Εσωτερικός καθαρισμός του αυτοκινήτου για απομάκρυνση σκόνης και βρωμιάς.,43,76,Αυτοκίνητο,2024-09-13
261,4,Αναγέννηση φαναριών,Αναγέννηση των φαναριών του αυτοκινήτου για καλύτερη ορατότητα.,19,41,Αυτοκίνητο,2024-11-18
262,21,Προστασία βαφής μοτοσυκλέτας,Εφαρμογή προστασίας για τη βαφή της μοτοσυκλέτας για μακροχρόνια φροντίδα.,22,24,Moto,2024-12-27
263,12,Αναγέννηση φαναριών μοτοσυκλέτας,Αναγέννηση των φαναριών της μοτοσυκλέτας για καλύτερη ορατότητα.,37,65,Moto,2025-02-14
264,46,Αναγέννηση φαναριών μοτοσυκλέτας,Αναγέννηση των φαναριών της μοτοσυκλέτας για καλύτερη ορατότητα.,38,42,Moto,2024-11-04
265,41,Καθαρισμός αλυσίδας μοτοσυκλέτας,Καθαρισμός και γράσο της αλυσίδας της μοτοσυκλέτας.,13,25,Moto,2024-04-24
266,25,Αναγέννηση φαναριών,Αναγέννηση των φαναριών του αυτοκινήτου για καλύτερη ορατότητα.,28,65,Αυτοκίνητο,2024-06-04
267,45,Πλύσιμο με το χέρι,Καθαρισμός του αυτοκινήτου με το χέρι για καλύτερη ποιότητα.,50,31,Αυτοκίνητο,2024-08-02
268,42,Πλύσιμο τροχών μοτοσυκλέτας,Πλύσιμο των τροχών και του συστήματος ανάρτησης της μοτοσυκλέτας.,40,26,Moto,2024-12-21
269,38,Προστασία βαφής μοτοσυκλέτας,Εφαρμογή προστασίας για τη βαφή της μοτοσυκλέτας για μακροχρόνια φροντίδα.,43,39,Moto,2024-12-06
270,44,Πλύσιμο με μηχανή,Υπηρεσία πλήρους πλυσίματος με μηχανή για το αυτοκίνητο.,38,36,Αυτοκίνητο,2024-10-10
271,1,Πλύσιμο τροχών μοτοσυκλέτας,Πλύσιμο των τροχών και του συστήματος ανάρτησης της μοτοσυκλέτας.,26,77,Moto,2024-07-10
272,28,Πλύσιμο τροχών μοτοσυκλέτας,Πλύσιμο των τροχών και του συστήματος ανάρτησης της μοτοσυκλέτας.,34,60,Moto,2024-08-24
273,29,Πλύσιμο τροχών μοτοσυκλέτας,Πλύσιμο των τροχών και του συστήματος ανάρτησης της μοτοσυκλέτας.,32,42,Moto,2024-12-06
274,7,Προστασία βαφής μοτοσυκλέτας,Εφαρμογή προστασίας για τη βαφή της μοτοσυκλέτας για μακροχρόνια φροντίδα.,10,41,Moto,2024-12-18
275,1,Πλύσιμο με μηχανή,Υπηρεσία πλήρους πλυσίματος με μηχανή για το αυτοκίνητο.,20,43,Αυτοκίνητο,2024-04-04
276,16,Πλύσιμο τροχών μοτοσυκλέτας,Πλύσιμο των τροχών και του συστήματος ανάρτησης της μοτοσυκλέτας.,16,65,Moto,2024-07-05
277,5,Αναγέννηση φαναριών μοτοσυκλέτας,Αναγέννηση των φαναριών της μοτοσυκλέτας για καλύτερη ορατότητα.,15,54,Moto,2025-02-06
278,27,Καθαρισμός κινητήρα,Καθαρισμός και απολίπανση του κινητήρα του αυτοκινήτου.,16,34,Αυτοκίνητο,2024-10-25
279,21,Καθαρισμός αλυσίδας μοτοσυκλέτας,Καθαρισμός και γράσο της αλυσίδας της μοτοσυκλέτας.,29,52,Moto,2025-03-08
280,22,Πλύσιμο τροχών μοτοσυκλέτας,Πλύσιμο των τροχών και του συστήματος ανάρτησης της μοτοσυκλέτας.,21,25,Moto,2024-04-12
281,25,Προστασία βαφής μοτοσυκλέτας,Εφαρμογή προστασίας για τη βαφή της μοτοσυκλέτας για μακροχρόνια φροντίδα.,13,71,Moto,2025-02-14
282,30,Εσωτερικός καθαρισμός,Εσωτερικός καθαρισμός του αυτοκινήτου για απομάκρυνση σκόνης και βρωμιάς.,24,78,Αυτοκίνητο,2025-01-03
283,5,Πλύσιμο και γυάλισμα μοτοσυκλέτας,Πλύσιμο και γυάλισμα της μοτοσυκλέτας για καλύτερη εμφάνιση.,16,61,Moto,2024-11-09
284,16,Πλύσιμο και γυάλισμα μοτοσυκλέτας,Πλύσιμο και γυάλισμα της μοτοσυκλέτας για καλύτερη εμφάνιση.,16,54,Moto,2024-05-13
285,5,Προστασία βαφής μοτοσυκλέτας,Εφαρμογή προστασίας για τη βαφή της μοτοσυκλέτας για μακροχρόνια φροντίδα.,19,78,Moto,2024-03-22
286,26,Πλύσιμο με μηχανή,Υπηρεσία πλήρους πλυσίματος με μηχανή για το αυτοκίνητο.,31,82,Αυτοκίνητο,2024-11-25
287,38,Πλύσιμο με μηχανή,Υπηρεσία πλήρους πλυσίματος με μηχανή για το αυτοκίνητο.,17,66,Αυτοκίνητο,2024-06-09
288,4,Καθαρισμός κινητήρα,Καθαρισμός και απολίπανση του κινητήρα του αυτοκινήτου.,22,52,Αυτοκίνητο,2024-11-25
289,48,Καθαρισμός κινητήρα,Καθαρισμός και απολίπανση του κινητήρα του αυτοκινήτου.,15,31,Αυτοκίνητο,2024-03-30
290,10,Πλύσιμο με μηχανή,Υπηρεσία πλήρους πλυσίματος με μηχανή για το αυτοκίνητο.,48,37,Αυτοκίνητο,2024-10-27
291,20,Εσωτερικός καθαρισμός,Εσωτερικός καθαρισμός του αυτοκινήτου για απομάκρυνση σκόνης και βρωμιάς.,36,80,Αυτοκίνητο,2024-04-20
292,13,Πλύσιμο και γυάλισμα μοτοσυκλέτας,Πλύσιμο και γυάλισμα της μοτοσυκλέτας για καλύτερη εμφάνιση.,23,25,Moto,2024-12-23
293,31,Αναγέννηση φαναριών μοτοσυκλέτας,Αναγέννηση των φαναριών της μοτοσυκλέτας για καλύτερη ορατότητα.,22,62,Moto,2024-07-30
294,28,Προστασία βαφής μοτοσυκλέτας,Εφαρμογή προστασίας για τη βαφή της μοτοσυκλέτας για μακροχρόνια φροντίδα.,26,41,Moto,2025-01-19
295,8,Αναγέννηση φαναριών μοτοσυκλέτας,Αναγέννηση των φαναριών της μοτοσυκλέτας για καλύτερη ορατότητα.,19,58,Moto,2024-09-30
296,34,Αναγέννηση φαναριών,Αναγέννηση των φαναριών του αυτοκινήτου για καλύτερη ορατότητα.,22,36,Αυτοκίνητο,2024-04-25
297,22,Πλύσιμο με το χέρι,Καθαρισμός του αυτοκινήτου με το χέρι για καλύτερη ποιότητα.,17,38,Αυτοκίνητο,2024-04-30
298,32,Αναγέννηση φαναριών μοτοσυκλέτας,Αναγέννηση των φαναριών της μοτοσυκλέτας για καλύτερη ορατότητα.,23,25,Moto,2024-12-14
299,43,Πλύσιμο τροχών μοτοσυκλέτας,Πλύσιμο των τροχών και του συστήματος ανάρτησης της μοτοσυκλέτας.,23,57,Moto,2024-06-01
300,43,Αναγέννηση φαναριών μοτοσυκλέτας,Αναγέννηση των φαναριών της μοτοσυκλέτας για καλύτερη ορατότητα.,36,60,Moto,2025-02-09
